Div,Date,Time,HomeTeam,AwayTeam,FTHG,FTAG,FTR,HTHG,HTAG,HTR,Referee,HS,AS,HST,AST,HF,AF,HC,AC,HY,AY,HR,AR,PSH,PSD,PSA,MaxH,MaxD,MaxA,AvgH,AvgD,AvgA,B365>2,B365<2,P>2,P<2,Max>2,Max<2,Avg>2,Avg<2,AHh,B365AHH,B365AHA,PAHH,PAHA,MaxAHH,MaxAHA,AvgAHH,AvgAHA,B365CH,B365CD,B365CA,BWCH,BWCD,BWCA,IWCH,IWCD,IWCA,PSCH,PSCD,PSCA,WHCH,WHCD,WHCA,VCCH,VCCD,VCCA,MaxCH,MaxCD,MaxCA,AvgCH,AvgCD,AvgCA,B365C>2,B365C<2,PC>2,PC<2,MaxC>2,MaxC<2,AvgC>2,AvgC<2,AHCh,B365CAHH,B365CAHA,PCAHH,PCAHA,MaxCAHH,MaxCAHA,AvgCAHH,AvgCAHA
E1,05/08/2019,19:45,Huddersfield,Derby,1,2,A,1,2,A,G Eltringham,14,11,2,3,18,14,8,0,0,0,0,0,2.18,3.39,3.48,2.25,3.5,3.5,2.19,3.34,3.35,"[null,null,null,null,null,""2""]","[null,null,null,null,null,""1.8""]","[null,null,null,null,null,""2.13""]","[null,null,null,null,null,""1.78""]","[null,null,null,null,null,""2.13""]","[null,null,null,null,null,""1.83""]","[null,null,null,null,null,""2.04""]","[null,null,null,null,null,""1.77""]",-0.25,1.89,2.01,1.9,2.02,1.93,2.04,1.87,1.98,2.15,3.4,3.8,2.1,3.3,3.7,2.1,3.3,3.5,2.16,3.39,3.67,2.15,3.25,3.6,2.2,3.3,3.6,2.2,3.4,3.8,2.14,3.29,3.56,"[null,null,null,null,null,""2.1""]","[null,null,null,null,null,""1.72""]","[null,null,null,null,null,""2.15""]","[null,null,null,null,null,""1.76""]","[null,null,null,null,null,""2.2""]","[null,null,null,null,null,""1.79""]","[null,null,null,null,null,""2.12""]","[null,null,null,null,null,""1.72""]",-0.25,1.86,2.04,1.85,2.06,1.89,2.06,1.85,2.02
E1,10/08/2019,15:00,Derby,Swansea,0,0,D,0,0,D,J Gillett,17,13,3,3,8,14,8,3,2,1,0,0,2.28,3.33,3.44,2.32,3.4,3.52,2.23,3.31,3.27,"[null,null,null,null,null,""1.9""]","[null,null,null,null,null,""1.9""]","[null,null,null,null,null,""1.98""]","[null,null,null,null,null,""1.92""]","[null,null,null,null,null,""2.02""]","[null,null,null,null,null,""1.92""]","[null,null,null,null,null,""1.96""]","[null,null,null,null,null,""1.85""]",-0.25,1.95,1.95,1.96,1.96,1.97,1.98,1.93,1.92,2.35,3.4,3.3,2.25,3.3,3.3,2.3,3.3,3.1,2.37,3.4,3.2,2.3,3.25,3.25,2.38,3.4,3.2,2.38,3.4,3.4,2.3,3.3,3.19,"[null,null,null,null,null,""1.9""]","[null,null,null,null,null,""1.9""]","[null,null,null,null,null,""2.02""]","[null,null,null,null,null,""1.88""]","[null,null,null,null,null,""2.03""]","[null,null,null,null,null,""1.92""]","[null,null,null,null,null,""1.97""]","[null,null,null,null,null,""1.84""]",-0.25,2.03,1.87,2.04,1.88,2.07,1.92,1.99,1.88
E1,17/08/2019,15:00,Stoke,Derby,2,2,D,1,1,D,T Robinson,19,8,5,6,13,17,10,5,3,3,0,0,2.37,3.15,3.45,2.38,3.25,3.6,2.29,3.16,3.34,"[null,null,null,null,null,""2.2""]","[null,null,null,null,null,""1.66""]","[null,null,null,null,null,""2.34""]","[null,null,null,null,null,""1.66""]","[null,null,null,null,null,""2.34""]","[null,null,null,null,null,""1.72""]","[null,null,null,null,null,""2.21""]","[null,null,null,null,null,""1.66""]",-0.25,1.97,1.93,2.02,1.9,2.02,1.95,1.96,1.9,2.15,3.2,3.6,2.2,3.25,3.5,2.1,3.15,3.7,2.13,3.27,3.92,2.15,3.2,3.7,2.15,3.3,3.8,2.22,3.3,3.95,2.15,3.2,3.68,"[null,null,null,null,null,""2.3""]","[null,null,null,null,null,""1.61""]","[null,null,null,null,null,""2.32""]","[null,null,null,null,null,""1.66""]","[null,null,null,null,null,""2.4""]","[null,null,null,null,null,""1.67""]","[null,null,null,null,null,""2.27""]","[null,null,null,null,null,""1.63""]",-0.25,1.85,2.05,1.82,2.1,1.88,2.14,1.82,2.04
E1,20/08/2019,19:45,Derby,Bristol City,1,2,A,0,2,A,S Martin,18,8,4,3,12,8,9,0,2,1,0,0,2.13,3.42,3.72,2.3,3.42,3.72,2.15,3.33,3.48,"[null,null,null,null,null,""1.9""]","[null,null,null,null,null,""1.9""]","[null,null,null,null,null,""1.93""]","[null,null,null,null,null,""1.96""]","[null,null,null,null,null,""2""]","[null,null,null,null,null,""1.96""]","[null,null,null,null,null,""1.93""]","[null,null,null,null,null,""1.88""]",-0.25,1.82,2.08,1.83,2.09,1.88,2.12,1.83,2.04,1.95,3.5,3.9,2,3.4,3.9,1.95,3.5,3.75,2.01,3.6,3.94,2,3.4,3.9,2,3.7,3.9,2.07,3.7,4.1,1.98,3.49,3.84,"[null,null,null,null,null,""1.9""]","[null,null,null,null,null,""1.9""]","[null,null,null,null,null,""1.97""]","[null,null,null,null,null,""1.93""]","[null,null,null,null,null,""2""]","[null,null,null,null,null,""1.98""]","[null,null,null,null,null,""1.92""]","[null,null,null,null,null,""1.89""]",-0.5,2.01,1.89,2.01,1.9,2.03,1.94,1.98,1.87
E1,24/08/2019,12:30,Derby,West Brom,1,1,D,1,0,H,G Ward,11,13,4,4,12,18,6,6,1,1,0,0,2.52,3.44,2.92,2.6,3.47,2.94,2.45,3.38,2.83,"[null,null,null,null,null,""1.8""]","[null,null,null,null,null,""2""]","[null,null,null,null,null,""1.88""]","[null,null,null,null,null,""2.02""]","[null,null,null,null,null,""1.9""]","[null,null,null,null,null,""2.04""]","[null,null,null,null,null,""1.84""]","[null,null,null,null,null,""1.97""]",-0.25,2.07,1.72,2.17,1.77,2.17,1.8,2.12,1.76,2.87,3.4,2.4,2.6,3.5,2.65,2.85,3.4,2.4,3.11,3.49,2.37,2.9,3.4,2.45,3,3.5,2.45,3.15,3.5,2.65,2.89,3.4,2.43,"[null,null,null,null,null,""1.8""]","[null,null,null,null,null,""2""]","[null,null,null,null,null,""1.83""]","[null,null,null,null,null,""2.07""]","[null,null,null,null,null,""1.87""]","[null,null,null,null,null,""2.07""]","[null,null,null,null,null,""1.81""]","[null,null,null,null,null,""1.99""]",0.25,1.84,2.06,1.87,2.05,1.89,2.2,1.79,2.09
E1,31/08/2019,15:00,Brentford,Derby,3,0,H,3,0,H,D Webb,22,5,8,0,12,13,6,3,0,2,0,0,2.03,3.54,3.95,2.05,3.62,4,1.98,3.5,3.82,"[null,null,null,null,null,""1.9""]","[null,null,null,null,null,""1.9""]","[null,null,null,null,null,""1.94""]","[null,null,null,null,null,""1.96""]","[null,null,null,null,null,""1.96""]","[null,null,null,null,null,""1.99""]","[null,null,null,null,null,""1.9""]","[null,null,null,null,null,""1.91""]",-0.5,2.01,1.89,2.03,1.88,2.03,1.91,1.99,1.87,1.8,3.6,4.5,1.85,3.6,4.25,1.77,3.7,4.45,1.79,3.84,4.74,1.83,3.6,4.4,1.8,3.8,4.75,1.92,3.84,4.8,1.8,3.67,4.52,"[null,null,null,null,null,""1.8""]","[null,null,null,null,null,""2""]","[null,null,null,null,null,""1.84""]","[null,null,null,null,null,""2.06""]","[null,null,null,null,null,""1.91""]","[null,null,null,null,null,""2.06""]","[null,null,null,null,null,""1.84""]","[null,null,null,null,null,""1.97""]",-0.75,2.01,1.89,2.04,1.88,2.12,1.89,2.03,1.85
E1,13/09/2019,19:45,Derby,Cardiff,1,1,D,1,1,D,D England,13,13,5,4,13,10,6,4,2,2,0,0,2.61,3.46,2.8,2.72,3.5,2.88,2.55,3.4,2.76,"[null,null,null,null,null,""1.8""]","[null,null,null,null,null,""2""]","[null,null,null,null,null,""1.86""]","[null,null,null,null,null,""2.03""]","[null,null,null,null,null,""1.88""]","[null,null,null,null,null,""2.08""]","[null,null,null,null,null,""1.83""]","[null,null,null,null,null,""1.99""]",0,1.89,2.01,1.89,2.03,1.91,2.06,1.86,2.01,2.5,3.5,2.75,2.45,3.4,2.85,2.5,3.4,2.7,2.55,3.48,2.85,2.5,3.4,2.8,2.55,3.5,2.8,2.6,3.54,3,2.5,3.41,2.8,"[null,null,null,null,null,""1.9""]","[null,null,null,null,null,""1.9""]","[null,null,null,null,null,""1.88""]","[null,null,null,null,null,""2.02""]","[null,null,null,null,null,""1.92""]","[null,null,null,null,null,""2.06""]","[null,null,null,null,null,""1.83""]","[null,null,null,null,null,""1.98""]",0,1.82,2.08,1.85,2.07,1.86,2.09,1.82,2.05
E1,21/09/2019,12:30,Leeds,Derby,1,1,D,1,0,H,O Langford,13,4,5,1,8,12,8,3,0,4,0,0,1.41,5.11,7.7,1.44,5.2,8.5,1.39,4.94,7.49,"[null,null,null,null,null,""1.57""]","[null,null,null,null,null,""2.37""]","[null,null,null,null,null,""1.61""]","[null,null,null,null,null,""2.43""]","[null,null,null,null,null,""1.63""]","[null,null,null,null,null,""2.48""]","[null,null,null,null,null,""1.59""]","[null,null,null,null,null,""2.35""]",-1.25,1.9,2,1.93,1.99,1.93,2.01,1.88,1.98,1.4,4.75,7.5,1.4,4.75,7.75,1.4,4.8,7,1.46,4.55,7.72,1.42,4.75,7.5,1.44,4.75,7,1.48,5,8,1.44,4.6,7.13,"[null,null,null,null,null,""1.61""]","[null,null,null,null,null,""2.3""]","[null,null,null,null,null,""1.65""]","[null,null,null,null,null,""2.35""]","[null,null,null,null,null,""1.66""]","[null,null,null,null,null,""2.38""]","[null,null,null,null,null,""1.61""]","[null,null,null,null,null,""2.3""]",-1.25,2.04,1.86,2.04,1.88,2.08,1.95,2,1.86
E1,28/09/2019,15:00,Derby,Birmingham,3,2,H,1,0,H,S Hooper,7,17,4,6,9,18,2,9,3,1,0,0,2.29,3.22,3.55,2.3,3.4,3.58,2.23,3.21,3.41,"[null,null,null,null,null,""2.1""]","[null,null,null,null,null,""1.72""]","[null,null,null,null,null,""2.2""]","[null,null,null,null,null,""1.74""]","[null,null,null,null,null,""2.2""]","[null,null,null,null,null,""1.77""]","[null,null,null,null,null,""2.12""]","[null,null,null,null,null,""1.72""]",-0.25,1.92,1.98,1.95,1.97,1.95,2,1.92,1.95,2.3,3.1,3.4,2.35,3.1,3.3,2.4,3.1,3.1,2.42,3.06,3.44,2.4,3.1,3.2,2.38,3.2,3.2,2.45,3.2,3.48,2.38,3.08,3.27,"[null,null,null,null,null,""2.3""]","[null,null,null,null,null,""1.61""]","[null,null,null,null,null,""2.37""]","[null,null,null,null,null,""1.64""]","[null,null,null,null,null,""2.42""]","[null,null,null,null,null,""1.67""]","[null,null,null,null,null,""2.29""]","[null,null,null,null,null,""1.62""]",-0.25,2.03,1.87,2.05,1.87,2.07,1.9,2.02,1.84
E1,02/10/2019,19:45,Barnsley,Derby,2,2,D,1,2,A,T Harrington,12,12,7,6,22,14,8,2,2,0,0,0,2.62,3.52,2.75,2.65,3.55,2.8,2.55,3.42,2.71,"[null,null,null,null,null,""1.8""]","[null,null,null,null,null,""2""]","[null,null,null,null,null,""1.82""]","[null,null,null,null,null,""2.08""]","[null,null,null,null,null,""1.87""]","[null,null,null,null,null,""2.08""]","[null,null,null,null,null,""1.81""]","[null,null,null,null,null,""2""]",0,1.89,2.01,1.91,2.01,1.91,2.03,1.87,1.98,2.8,3.4,2.5,2.85,3.3,2.5,2.75,3.55,2.4,2.88,3.59,2.47,2.8,3.5,2.45,2.7,3.6,2.5,2.91,3.7,2.6,2.79,3.5,2.46,"[null,null,null,null,null,""1.61""]","[null,null,null,null,null,""2.3""]","[null,null,null,null,null,""1.66""]","[null,null,null,null,null,""2.34""]","[null,null,null,null,null,""1.75""]","[null,null,null,null,null,""2.4""]","[null,null,null,null,null,""1.65""]","[null,null,null,null,null,""2.24""]",0.25,1.72,2.07,1.79,2.14,1.82,2.2,1.76,2.12
E1,05/10/2019,15:00,Derby,Luton,2,0,H,1,0,H,G Eltringham,10,7,2,1,10,10,1,5,1,0,0,0,2.07,3.55,3.8,2.1,3.68,3.8,2.05,3.51,3.57,"[null,null,null,null,null,""1.66""]","[null,null,null,null,null,""2.2""]","[null,null,null,null,null,""1.69""]","[null,null,null,null,null,""2.27""]","[null,null,null,null,null,""1.74""]","[null,null,null,null,null,""2.27""]","[null,null,null,null,null,""1.69""]","[null,null,null,null,null,""2.16""]",-0.5,2.06,1.84,2.07,1.85,2.1,1.87,2.05,1.81,1.95,3.6,3.8,2.05,3.5,3.6,1.97,3.65,3.5,2.01,3.78,3.77,2,3.6,3.7,1.95,3.75,3.7,2.1,3.8,3.8,2.02,3.63,3.59,"[null,null,null,null,null,""1.61""]","[null,null,null,null,null,""2.3""]","[null,null,null,null,null,""1.65""]","[null,null,null,null,null,""2.36""]","[null,null,null,null,null,""1.68""]","[null,null,null,null,null,""2.4""]","[null,null,null,null,null,""1.62""]","[null,null,null,null,null,""2.28""]",-0.5,1.99,1.91,2.01,1.91,2.06,1.94,2,1.85
E1,19/10/2019,15:00,Charlton,Derby,3,0,H,1,0,H,S Martin,10,4,7,2,16,13,7,5,1,2,0,0,2.71,3.4,2.73,2.75,3.5,2.8,2.64,3.33,2.68,"[null,null,null,null,null,""1.9""]","[null,null,null,null,null,""1.9""]","[null,null,null,null,null,""1.99""]","[null,null,null,null,null,""1.91""]","[null,null,null,null,null,""1.99""]","[null,null,null,null,null,""1.97""]","[null,null,null,null,null,""1.92""]","[null,null,null,null,null,""1.89""]",0,1.96,1.94,1.95,1.97,1.97,2,1.91,1.94,2.55,3.4,2.7,2.65,3.3,2.7,2.55,3.35,2.7,2.59,3.46,2.82,2.5,3.4,2.8,2.5,3.5,2.8,2.7,3.52,2.85,2.56,3.36,2.76,"[null,null,null,null,null,""1.9""]","[null,null,null,null,null,""1.9""]","[null,null,null,null,null,""1.98""]","[null,null,null,null,null,""1.92""]","[null,null,null,null,null,""2""]","[null,null,null,null,null,""1.94""]","[null,null,null,null,null,""1.94""]","[null,null,null,null,null,""1.87""]",0,1.85,2.05,1.88,2.04,1.9,2.06,1.85,2.01
E1,23/10/2019,19:45,Derby,Wigan,1,0,H,0,0,D,K Stroud,11,16,4,3,8,16,7,8,2,2,0,0,2.05,3.42,4.02,2.1,3.42,4.02,2.04,3.33,3.83,"[null,null,null,null,null,""2""]","[null,null,null,null,null,""1.8""]","[null,null,null,null,null,""2.01""]","[null,null,null,null,null,""1.88""]","[null,null,null,null,null,""2.08""]","[null,null,null,null,null,""1.88""]","[null,null,null,null,null,""2.02""]","[null,null,null,null,null,""1.8""]",-0.5,2.05,1.85,2.05,1.86,2.07,1.88,2.03,1.83,2.05,3.3,3.8,2,3.3,4,2.05,3.3,3.7,2.07,3.43,3.93,2.05,3.3,3.9,2.05,3.4,3.8,2.1,3.46,4.05,2.05,3.34,3.82,"[null,null,null,null,null,""2""]","[null,null,null,null,null,""1.8""]","[null,null,null,null,null,""2.07""]","[null,null,null,null,null,""1.83""]","[null,null,null,null,null,""2.13""]","[null,null,null,null,null,""1.85""]","[null,null,null,null,null,""2.02""]","[null,null,null,null,null,""1.79""]",-0.5,2.04,1.86,2.07,1.85,2.08,1.88,2.04,1.82
E1,26/10/2019,15:00,Hull,Derby,2,0,H,0,0,D,S Hooper,14,10,4,3,11,8,7,1,4,1,0,0,2.11,3.66,3.54,2.2,3.66,3.58,2.12,3.55,3.34,"[null,null,null,null,null,""1.72""]","[null,null,null,null,null,""2.1""]","[null,null,null,null,null,""1.77""]","[null,null,null,null,null,""2.15""]","[null,null,null,null,null,""1.78""]","[null,null,null,null,null,""2.17""]","[null,null,null,null,null,""1.73""]","[null,null,null,null,null,""2.1""]",-0.25,1.83,2.07,1.83,2.09,1.87,2.11,1.83,2.04,2.1,3.6,3.3,2.15,3.6,3.25,2.15,3.5,3.2,2.17,3.69,3.35,2.15,3.6,3.25,2.15,3.7,3.2,2.2,3.76,3.4,2.15,3.6,3.26,"[null,null,null,null,null,""1.66""]","[null,null,null,null,null,""2.2""]","[null,null,null,null,null,""1.66""]","[null,null,null,null,null,""2.32""]","[null,null,null,null,null,""1.71""]","[null,null,null,null,null,""2.32""]","[null,null,null,null,null,""1.66""]","[null,null,null,null,null,""2.22""]",-0.25,1.9,2,1.89,2.02,1.92,2.04,1.87,1.99
E1,02/11/2019,15:00,Derby,Middlesbrough,2,0,H,1,0,H,D Bond,23,10,10,1,10,13,6,2,0,1,0,1,2.26,3.38,3.44,2.3,3.42,3.5,2.22,3.31,3.32,"[null,null,null,null,null,""2""]","[null,null,null,null,null,""1.8""]","[null,null,null,null,null,""2.03""]","[null,null,null,null,null,""1.88""]","[null,null,null,null,null,""2.06""]","[null,null,null,null,null,""1.89""]","[null,null,null,null,null,""2""]","[null,null,null,null,null,""1.82""]",-0.25,1.95,1.95,1.94,1.97,1.98,2,1.91,1.94,2.1,3.4,3.5,,,,2.1,3.35,3.4,2.16,3.53,3.55,2.15,3.4,3.4,2.1,3.5,3.5,2.2,3.56,3.65,2.15,3.4,3.45,"[null,null,null,null,null,""1.9""]","[null,null,null,null,null,""1.9""]","[null,null,null,null,null,""1.93""]","[null,null,null,null,null,""1.97""]","[null,null,null,null,null,""1.97""]","[null,null,null,null,null,""2.01""]","[null,null,null,null,null,""1.88""]","[null,null,null,null,null,""1.93""]",-0.25,1.83,2.07,1.86,2.05,1.88,2.12,1.84,2.02
E1,09/11/2019,12:30,Nott'm Forest,Derby,1,0,H,0,0,D,D England,19,11,4,7,14,18,7,8,3,3,0,0,2.19,3.49,3.5,2.25,3.52,3.53,2.17,3.4,3.37,"[null,null,null,null,null,""2""]","[null,null,null,null,null,""1.8""]","[null,null,null,null,null,""2.04""]","[null,null,null,null,null,""1.85""]","[null,null,null,null,null,""2.04""]","[null,null,null,null,null,""1.9""]","[null,null,null,null,null,""1.98""]","[null,null,null,null,null,""1.83""]",-0.25,1.89,2.01,1.89,2.03,1.91,2.04,1.86,1.99,2.05,3.4,3.6,2.15,3.3,3.5,2.1,3.35,3.5,2.13,3.49,3.64,2.1,3.5,3.5,2.1,3.5,3.5,2.16,3.56,3.75,2.11,3.41,3.52,"[null,null,null,null,null,""1.9""]","[null,null,null,null,null,""1.9""]","[null,null,null,null,null,""2.02""]","[null,null,null,null,null,""1.88""]","[null,null,null,null,null,""2.04""]","[null,null,null,null,null,""1.92""]","[null,null,null,null,null,""1.95""]","[null,null,null,null,null,""1.87""]",-0.25,1.85,2.05,1.84,2.08,1.89,2.1,1.83,2.04
E1,23/11/2019,15:00,Derby,Preston,1,0,H,1,0,H,T Robinson,13,12,4,2,15,9,6,3,0,2,0,0,2.94,3.28,2.6,2.95,3.35,2.74,2.82,3.24,2.55,"[null,null,null,null,null,""2""]","[null,null,null,null,null,""1.8""]","[null,null,null,null,null,""2.04""]","[null,null,null,null,null,""1.86""]","[null,null,null,null,null,""2.09""]","[null,null,null,null,null,""1.88""]","[null,null,null,null,null,""2""]","[null,null,null,null,null,""1.82""]",0,2.06,1.84,2.08,1.84,2.08,2,2.02,1.83,2.8,3.4,2.5,2.85,3.25,2.55,2.8,3.25,2.5,2.87,3.32,2.63,2.88,3.25,2.55,2.88,3.3,2.55,3,3.4,2.74,2.84,3.25,2.55,"[null,null,null,null,null,""2""]","[null,null,null,null,null,""1.8""]","[null,null,null,null,null,""2.05""]","[null,null,null,null,null,""1.85""]","[null,null,null,null,null,""2.09""]","[null,null,null,null,null,""1.9""]","[null,null,null,null,null,""1.99""]","[null,null,null,null,null,""1.82""]",0,2.05,1.85,2.04,1.88,2.1,2,2.02,1.84
E1,26/11/2019,19:45,Fulham,Derby,3,0,H,2,0,H,A Woolmer,17,8,8,0,9,11,6,3,1,2,0,0,1.61,4.13,5.91,1.64,4.2,6.05,1.59,4.09,5.57,"[null,null,null,null,null,""1.66""]","[null,null,null,null,null,""2.2""]","[null,null,null,null,null,""1.72""]","[null,null,null,null,null,""2.22""]","[null,null,null,null,null,""1.72""]","[null,null,null,null,null,""2.25""]","[null,null,null,null,null,""1.68""]","[null,null,null,null,null,""2.18""]",-1,2.07,1.86,2.06,1.85,2.08,1.88,2.02,1.84,1.6,4.1,5.75,1.6,4,5.75,1.6,4.05,5.2,1.63,4.15,5.63,1.6,4,5.8,1.62,4.2,5.25,1.68,4.3,5.8,1.61,4.07,5.4,"[null,null,null,null,null,""1.61""]","[null,null,null,null,null,""2.3""]","[null,null,null,null,null,""1.65""]","[null,null,null,null,null,""2.36""]","[null,null,null,null,null,""1.69""]","[null,null,null,null,null,""2.38""]","[null,null,null,null,null,""1.63""]","[null,null,null,null,null,""2.27""]",-1,2,1.8,2.1,1.83,2.17,1.86,2.06,1.8
E1,30/11/2019,15:00,Derby,QPR,1,1,D,1,1,D,D Webb,13,13,4,2,10,14,8,9,1,3,0,0,2.38,3.66,2.97,2.45,3.66,3,2.37,3.5,2.87,"[null,null,null,null,null,""1.72""]","[null,null,null,null,null,""2.1""]","[null,null,null,null,null,""1.69""]","[null,null,null,null,null,""2.27""]","[null,null,null,null,null,""1.84""]","[null,null,null,null,null,""2.27""]","[null,null,null,null,null,""1.72""]","[null,null,null,null,null,""2.13""]",-0.25,2.1,1.83,2.07,1.85,2.13,1.86,2.06,1.8,2.2,3.6,3.1,2.2,3.6,3.1,2.2,3.5,3.05,2.28,3.53,3.25,2.2,3.6,3.2,2.25,3.6,3.1,2.3,3.7,3.3,2.23,3.53,3.13,"[null,null,null,null,null,""1.66""]","[null,null,null,null,null,""2.2""]","[null,null,null,null,null,""1.68""]","[null,null,null,null,null,""2.28""]","[null,null,null,null,null,""1.84""]","[null,null,null,null,null,""2.3""]","[null,null,null,null,null,""1.67""]","[null,null,null,null,null,""2.2""]",-0.25,2.01,1.92,1.98,1.94,2.01,1.97,1.95,1.91
E1,07/12/2019,15:00,Blackburn,Derby,1,0,H,0,0,D,O Langford,11,13,3,1,9,13,7,3,1,1,0,0,2.06,3.58,3.79,2.1,3.6,3.9,2.02,3.49,3.67,"[null,null,null,null,null,""1.9""]","[null,null,null,null,null,""1.9""]","[null,null,null,null,null,""1.91""]","[null,null,null,null,null,""1.99""]","[null,null,null,null,null,""1.93""]","[null,null,null,null,null,""2""]","[null,null,null,null,null,""1.87""]","[null,null,null,null,null,""1.94""]",-0.5,2.03,1.87,2.06,1.85,2.06,1.9,2.01,1.84,1.9,3.6,3.9,2,3.4,3.9,1.9,3.6,3.85,1.97,3.67,4.03,1.91,3.6,4,1.93,3.6,4,2.01,3.7,4.1,1.95,3.55,3.89,"[null,null,null,null,null,""1.8""]","[null,null,null,null,null,""2""]","[null,null,null,null,null,""1.87""]","[null,null,null,null,null,""2.03""]","[null,null,null,null,null,""1.91""]","[null,null,null,null,null,""2.04""]","[null,null,null,null,null,""1.84""]","[null,null,null,null,null,""1.97""]",-0.5,1.94,1.96,1.97,1.94,1.97,1.97,1.93,1.91
E1,11/12/2019,19:45,Derby,Sheffield Weds,1,1,D,0,1,A,S Martin,11,12,2,3,12,14,5,12,3,3,0,1,3.08,3.39,2.44,3.16,3.4,2.5,3.05,3.29,2.37,"[null,null,null,null,null,""2""]","[null,null,null,null,null,""1.8""]","[null,null,null,null,null,""2""]","[null,null,null,null,null,""1.89""]","[null,null,null,null,null,""2.07""]","[null,null,null,null,null,""1.89""]","[null,null,null,null,null,""1.99""]","[null,null,null,null,null,""1.82""]",0.25,1.84,2.06,1.83,2.09,1.88,2.09,1.81,2.04,3,3.4,2.3,3.1,3.3,2.35,3.05,3.25,2.35,3.18,3.38,2.39,3.1,3.3,2.35,3,3.4,2.38,3.18,3.4,2.45,3.06,3.3,2.36,"[null,null,null,null,null,""2""]","[null,null,null,null,null,""1.8""]","[null,null,null,null,null,""2.04""]","[null,null,null,null,null,""1.86""]","[null,null,null,null,null,""2.05""]","[null,null,null,null,null,""1.87""]","[null,null,null,null,null,""1.99""]","[null,null,null,null,null,""1.82""]",0.25,1.85,2.05,1.86,2.05,1.87,2.07,1.83,2.02
E1,14/12/2019,15:00,Derby,Millwall,0,1,A,0,1,A,C Kavanagh,11,7,1,2,13,9,9,3,1,2,0,0,2.52,3.2,3.09,2.6,3.32,3.15,2.46,3.16,3.03,"[null,null,null,null,null,""2.3""]","[null,null,null,null,null,""1.61""]","[null,null,null,null,null,""2.3""]","[null,null,null,null,null,""1.68""]","[null,null,null,null,null,""2.3""]","[null,null,null,null,null,""1.7""]","[null,null,null,null,null,""2.24""]","[null,null,null,null,null,""1.64""]",-0.25,2.11,1.79,2.14,1.79,2.16,1.82,2.1,1.77,2.55,3.2,2.9,2.4,3.25,3.1,2.45,3.1,2.95,2.57,3.21,3,2.5,3.2,3,2.5,3.25,3,2.6,3.26,3.1,2.49,3.17,2.97,"[null,null,null,null,null,""2.2""]","[null,null,null,null,null,""1.66""]","[null,null,null,null,null,""2.28""]","[null,null,null,null,null,""1.69""]","[null,null,null,null,null,""2.31""]","[null,null,null,null,null,""1.71""]","[null,null,null,null,null,""2.21""]","[null,null,null,null,null,""1.66""]",0,1.79,2.11,1.81,2.12,1.88,2.15,1.77,2.08
E1,21/12/2019,15:00,Reading,Derby,3,0,H,1,0,H,M Salisbury,14,16,7,6,8,17,6,6,2,7,0,1,2.14,3.43,3.66,2.19,3.5,3.75,2.11,3.36,3.52,"[null,null,null,null,null,""2""]","[null,null,null,null,null,""1.8""]","[null,null,null,null,null,""2.04""]","[null,null,null,null,null,""1.86""]","[null,null,null,null,null,""2.08""]","[null,null,null,null,null,""1.87""]","[null,null,null,null,null,""1.99""]","[null,null,null,null,null,""1.81""]",-0.25,1.82,2.08,1.84,2.08,1.85,2.11,1.81,2.04,2.05,3.4,3.6,2.05,3.3,3.6,2.05,3.35,3.6,2.15,3.45,3.61,2.1,3.4,3.6,2.1,3.5,3.5,2.19,3.5,3.85,2.09,3.37,3.6,"[null,null,null,null,null,""2""]","[null,null,null,null,null,""1.8""]","[null,null,null,null,null,""2.08""]","[null,null,null,null,null,""1.82""]","[null,null,null,null,null,""2.08""]","[null,null,null,null,null,""1.87""]","[null,null,null,null,null,""2.01""]","[null,null,null,null,null,""1.8""]",-0.25,1.84,2.06,1.85,2.07,1.87,2.1,1.81,2.05
E1,26/12/2019,15:00,Wigan,Derby,1,1,D,0,0,D,J Gillett,11,7,4,3,12,22,10,2,1,3,0,0,2.5,3.28,3.04,2.51,3.36,3.1,2.42,3.24,3,"[null,null,null,null,null,""2.1""]","[null,null,null,null,null,""1.72""]","[null,null,null,null,null,""2.1""]","[null,null,null,null,null,""1.81""]","[null,null,null,null,null,""2.19""]","[null,null,null,null,null,""1.81""]","[null,null,null,null,null,""2.07""]","[null,null,null,null,null,""1.75""]",-0.25,2.11,1.79,2.14,1.79,2.14,1.83,2.08,1.78,2.4,3.3,3,2.4,3.25,3.1,2.4,3.2,3,2.5,3.23,3.08,2.45,3.25,3,2.45,3.3,3,2.55,3.36,3.1,2.43,3.24,3.01,"[null,null,null,null,null,""2.1""]","[null,null,null,null,null,""1.72""]","[null,null,null,null,null,""2.15""]","[null,null,null,null,null,""1.77""]","[null,null,null,null,null,""2.17""]","[null,null,null,null,null,""1.8""]","[null,null,null,null,null,""2.07""]","[null,null,null,null,null,""1.75""]",-0.25,2.1,1.8,2.14,1.79,2.14,1.84,2.09,1.78
E1,30/12/2019,19:45,Derby,Charlton,2,1,H,1,0,H,J Simpson,12,11,7,5,5,21,5,2,1,5,1,0,1.78,3.7,4.93,1.82,3.94,4.93,1.77,3.69,4.6,"[null,null,null,null,null,""1.9""]","[null,null,null,null,null,""1.9""]","[null,null,null,null,null,""1.93""]","[null,null,null,null,null,""1.97""]","[null,null,null,null,null,""1.93""]","[null,null,null,null,null,""2.01""]","[null,null,null,null,null,""1.87""]","[null,null,null,null,null,""1.93""]",-0.75,2.03,1.87,2.03,1.88,2.04,1.89,2,1.85,1.8,3.6,4.5,1.85,3.5,4.6,1.83,3.5,4.35,1.81,3.73,4.72,1.8,3.5,4.75,1.8,3.6,4.75,1.88,3.73,4.8,1.82,3.55,4.5,"[null,null,null,null,null,""2""]","[null,null,null,null,null,""1.8""]","[null,null,null,null,null,""2""]","[null,null,null,null,null,""1.9""]","[null,null,null,null,null,""2.05""]","[null,null,null,null,null,""1.98""]","[null,null,null,null,null,""1.96""]","[null,null,null,null,null,""1.84""]",-0.5,1.77,2.02,1.81,2.12,1.85,2.12,1.81,2.03
E1,02/01/2020,19:45,Derby,Barnsley,2,1,H,1,0,H,D Whitestone,15,14,4,4,8,11,5,6,1,0,0,0,2.34,3.41,3.19,2.38,3.47,3.3,2.27,3.35,3.15,"[null,null,null,null,null,""1.8""]","[null,null,null,null,null,""2""]","[null,null,null,null,null,""1.82""]","[null,null,null,null,null,""2.09""]","[null,null,null,null,null,""1.88""]","[null,null,null,null,null,""2.09""]","[null,null,null,null,null,""1.81""]","[null,null,null,null,null,""1.99""]",-0.25,2.02,1.88,2.03,1.89,2.05,1.95,1.98,1.86,2.2,3.6,3.1,2.3,3.4,3.1,2.3,3.5,2.9,2.35,3.58,3.05,2.35,3.6,3.1,2.3,3.6,3,2.4,3.62,3.25,2.3,3.5,3,"[null,null,null,null,null,""1.72""]","[null,null,null,null,null,""2.1""]","[null,null,null,null,null,""1.78""]","[null,null,null,null,null,""2.13""]","[null,null,null,null,null,""1.81""]","[null,null,null,null,null,""2.17""]","[null,null,null,null,null,""1.74""]","[null,null,null,null,null,""2.09""]",-0.25,2.03,1.87,2.04,1.88,2.05,1.92,2,1.84
E1,11/01/2020,15:00,Middlesbrough,Derby,2,2,D,1,0,H,T Robinson,15,7,5,3,11,13,5,2,1,2,0,0,2.15,3.4,3.65,2.2,3.41,3.79,2.11,3.32,3.57,"[null,null,null,null,null,""2""]","[null,null,null,null,null,""1.8""]","[null,null,null,null,null,""2.07""]","[null,null,null,null,null,""1.83""]","[null,null,null,null,null,""2.09""]","[null,null,null,null,null,""1.85""]","[null,null,null,null,null,""2.01""]","[null,null,null,null,null,""1.79""]",-0.25,1.81,2.09,1.85,2.07,1.85,2.13,1.8,2.05,2.1,3.3,3.6,2.1,3.3,3.7,2.15,3.25,3.45,2.18,3.4,3.56,2.15,3.4,3.4,2.2,3.4,3.4,2.22,3.52,3.7,2.14,3.32,3.49,"[null,null,null,null,null,""2""]","[null,null,null,null,null,""1.8""]","[null,null,null,null,null,""2""]","[null,null,null,null,null,""1.9""]","[null,null,null,null,null,""2.06""]","[null,null,null,null,null,""1.9""]","[null,null,null,null,null,""1.99""]","[null,null,null,null,null,""1.81""]",-0.25,1.89,2.01,1.88,2.04,1.92,2.07,1.86,1.99
E1,18/01/2020,15:00,Derby,Hull,1,0,H,0,0,D,A Woolmer,12,9,2,1,12,12,5,5,3,0,0,0,2.61,3.39,2.82,2.7,3.43,2.85,2.55,3.33,2.76,"[null,null,null,null,null,""1.9""]","[null,null,null,null,null,""1.9""]","[null,null,null,null,null,""1.93""]","[null,null,null,null,null,""1.96""]","[null,null,null,null,null,""1.94""]","[null,null,null,null,null,""2""]","[null,null,null,null,null,""1.87""]","[null,null,null,null,null,""1.93""]",0,1.87,2.03,1.88,2.03,1.89,2.06,1.84,2,2.25,3.5,3.1,2.4,3.4,2.95,2.25,3.4,3.1,2.28,3.49,3.23,2.25,3.4,3.2,2.25,3.5,3.2,2.41,3.5,3.23,2.29,3.41,3.09,"[null,null,null,null,null,""1.8""]","[null,null,null,null,null,""2""]","[null,null,null,null,null,""1.88""]","[null,null,null,null,null,""2.01""]","[null,null,null,null,null,""1.94""]","[null,null,null,null,null,""2.07""]","[null,null,null,null,null,""1.84""]","[null,null,null,null,null,""1.96""]",-0.25,1.97,1.93,1.98,1.93,2.02,1.95,1.97,1.88
E1,28/01/2020,19:45,Luton,Derby,3,2,H,0,0,D,A Davies,8,15,5,4,7,18,10,3,1,4,0,1,3.17,3.55,2.29,3.22,3.6,2.35,3.11,3.46,2.25,"[null,null,null,null,null,""1.72""]","[null,null,null,null,null,""2.1""]","[null,null,null,null,null,""1.75""]","[null,null,null,null,null,""2.17""]","[null,null,null,null,null,""1.78""]","[null,null,null,null,null,""2.2""]","[null,null,null,null,null,""1.72""]","[null,null,null,null,null,""2.12""]",0.25,1.91,1.99,1.93,2,1.95,2.01,1.89,1.95,3.1,3.6,2.2,3.2,3.4,2.25,3.05,3.5,2.2,3.17,3.56,2.29,3.1,3.5,2.25,3.1,3.6,2.25,3.2,3.6,2.35,3.09,3.49,2.24,"[null,null,null,null,null,""1.72""]","[null,null,null,null,null,""2.1""]","[null,null,null,null,null,""1.74""]","[null,null,null,null,null,""2.19""]","[null,null,null,null,null,""1.78""]","[null,null,null,null,null,""2.26""]","[null,null,null,null,null,""1.7""]","[null,null,null,null,null,""2.15""]",0.25,1.91,1.99,1.93,1.99,1.95,2.01,1.89,1.95
E1,31/01/2020,19:45,Derby,Stoke,4,0,H,2,0,H,R Jones,10,7,5,1,15,16,1,7,2,2,0,0,2.86,3.14,2.74,2.9,3.16,2.8,2.81,3.08,2.68,"[null,null,null,null,null,""2.3""]","[null,null,null,null,null,""1.61""]","[null,null,null,null,null,""2.39""]","[null,null,null,null,null,""1.63""]","[null,null,null,null,null,""2.47""]","[null,null,null,null,null,""1.65""]","[null,null,null,null,null,""2.33""]","[null,null,null,null,null,""1.6""]",0,1.99,1.91,2,1.92,2.02,1.92,1.96,1.87,3,3.1,2.5,3,3.1,2.55,3,3.05,2.5,3.11,3.11,2.56,3,3.1,2.55,3.1,3.1,2.5,3.15,3.16,2.6,3.02,3.05,2.52,"[null,null,null,null,null,""2.37""]","[null,null,null,null,null,""1.57""]","[null,null,null,null,null,""2.43""]","[null,null,null,null,null,""1.61""]","[null,null,null,null,null,""2.45""]","[null,null,null,null,null,""1.65""]","[null,null,null,null,null,""2.34""]","[null,null,null,null,null,""1.59""]",0.25,1.77,2.14,1.77,2.17,1.8,2.2,1.75,2.12
E1,08/02/2020,15:00,Swansea,Derby,2,3,A,0,1,A,M Donohue,16,8,7,4,7,16,3,2,1,4,0,0,2.03,3.53,3.9,2.05,3.68,4,1.99,3.47,3.75,"[null,null,null,null,null,""1.9""]","[null,null,null,null,null,""1.9""]","[null,null,null,null,null,""1.98""]","[null,null,null,null,null,""1.93""]","[null,null,null,null,null,""2""]","[null,null,null,null,null,""1.93""]","[null,null,null,null,null,""1.93""]","[null,null,null,null,null,""1.87""]",-0.5,2.02,1.88,2.03,1.88,2.06,1.91,1.99,1.84,2.05,3.5,3.6,2,3.5,3.75,2,3.45,3.7,2.13,3.49,3.6,2.05,3.5,3.6,2.1,3.6,3.4,2.15,3.6,3.9,2.05,3.45,3.59,"[null,null,null,null,null,""1.8""]","[null,null,null,null,null,""2""]","[null,null,null,null,null,""1.85""]","[null,null,null,null,null,""2.05""]","[null,null,null,null,null,""1.91""]","[null,null,null,null,null,""2.05""]","[null,null,null,null,null,""1.84""]","[null,null,null,null,null,""1.96""]",-0.5,2.05,1.75,2.13,1.79,2.13,1.84,2.06,1.78
E1,12/02/2020,19:45,Bristol City,Derby,3,2,H,2,0,H,G Eltringham,16,11,5,4,11,11,9,6,0,1,0,0,2.31,3.28,3.39,2.35,3.46,3.5,2.23,3.28,3.32,"[null,null,null,null,null,""1.9""]","[null,null,null,null,null,""1.9""]","[null,null,null,null,null,""1.89""]","[null,null,null,null,null,""2""]","[null,null,null,null,null,""1.94""]","[null,null,null,null,null,""2""]","[null,null,null,null,null,""1.88""]","[null,null,null,null,null,""1.92""]",-0.25,1.96,1.94,1.98,1.93,2,1.97,1.93,1.92,2.4,3.4,2.9,2.35,3.3,3.1,2.35,3.4,2.9,2.45,3.39,3.02,2.38,3.25,3.1,2.45,3.4,2.9,2.5,3.41,3.18,2.38,3.34,2.97,"[null,null,null,null,null,""1.8""]","[null,null,null,null,null,""2""]","[null,null,null,null,null,""1.82""]","[null,null,null,null,null,""2.08""]","[null,null,null,null,null,""1.89""]","[null,null,null,null,null,""2.11""]","[null,null,null,null,null,""1.8""]","[null,null,null,null,null,""2""]",-0.25,2.1,1.8,2.11,1.81,2.13,1.86,2.06,1.79
E1,15/02/2020,15:00,Derby,Huddersfield,1,1,D,0,0,D,C Pawson,10,10,7,3,10,8,4,5,3,0,0,0,2.13,3.31,3.81,2.15,3.42,3.85,2.08,3.31,3.64,"[null,null,null,null,null,""2.1""]","[null,null,null,null,null,""1.72""]","[null,null,null,null,null,""2.18""]","[null,null,null,null,null,""1.75""]","[null,null,null,null,null,""2.18""]","[null,null,null,null,null,""1.85""]","[null,null,null,null,null,""2.07""]","[null,null,null,null,null,""1.76""]",-0.25,1.81,2.09,1.83,2.1,1.83,2.13,1.8,2.07,2.05,3.25,3.8,2.05,3.3,3.8,2.05,3.25,3.75,2.08,3.31,3.99,2.05,3.3,3.9,2.05,3.4,3.8,2.16,3.41,4.05,2.05,3.28,3.82,"[null,null,null,null,null,""2.1""]","[null,null,null,null,null,""1.72""]","[null,null,null,null,null,""2.19""]","[null,null,null,null,null,""1.74""]","[null,null,null,null,null,""2.21""]","[null,null,null,null,null,""1.76""]","[null,null,null,null,null,""2.12""]","[null,null,null,null,null,""1.71""]",-0.5,2.08,1.82,2.08,1.84,2.11,1.86,2.04,1.81
E1,21/02/2020,19:45,Derby,Fulham,1,1,D,0,0,D,D Bond,14,17,7,5,12,11,11,4,0,1,0,0,3,3.39,2.54,3,3.4,2.6,2.9,3.3,2.47,"[null,null,null,null,null,""1.9""]","[null,null,null,null,null,""1.9""]","[null,null,null,null,null,""1.97""]","[null,null,null,null,null,""1.93""]","[null,null,null,null,null,""1.98""]","[null,null,null,null,null,""1.96""]","[null,null,null,null,null,""1.9""]","[null,null,null,null,null,""1.9""]",0,2.09,1.81,2.14,1.81,2.14,1.87,2.07,1.79,2.87,3.3,2.5,2.85,3.3,2.5,2.8,3.25,2.5,2.97,3.22,2.67,2.88,3.25,2.55,2.88,3.3,2.55,2.98,3.4,2.68,2.86,3.23,2.53,"[null,null,null,null,null,""2""]","[null,null,null,null,null,""1.8""]","[null,null,null,null,null,""2.12""]","[null,null,null,null,null,""1.81""]","[null,null,null,null,null,""2.12""]","[null,null,null,null,null,""1.92""]","[null,null,null,null,null,""1.99""]","[null,null,null,null,null,""1.81""]",0,2.07,1.83,2.07,1.86,2.11,1.87,2.03,1.82
E1,25/02/2020,19:45,QPR,Derby,2,1,H,1,1,D,K Stroud,15,15,6,4,12,9,4,9,3,1,0,0,2.18,3.59,3.38,2.25,3.65,3.38,2.17,3.53,3.22,"[null,null,null,null,null,""1.66""]","[null,null,null,null,null,""2.2""]","[null,null,null,null,null,""1.7""]","[null,null,null,null,null,""2.25""]","[null,null,null,null,null,""1.73""]","[null,null,null,null,null,""2.29""]","[null,null,null,null,null,""1.68""]","[null,null,null,null,null,""2.17""]",-0.25,1.91,1.99,1.89,2.02,1.95,2.02,1.88,1.96,2.1,3.6,3.25,2.2,3.5,3.2,2.15,3.5,3.2,2.22,3.42,3.43,2.15,3.5,3.3,2.15,3.6,3.3,2.25,3.6,3.44,2.17,3.47,3.25,"[null,null,null,null,null,""1.72""]","[null,null,null,null,null,""2.1""]","[null,null,null,null,null,""1.74""]","[null,null,null,null,null,""2.2""]","[null,null,null,null,null,""1.76""]","[null,null,null,null,null,""2.3""]","[null,null,null,null,null,""1.69""]","[null,null,null,null,null,""2.16""]",-0.25,1.9,2,1.93,2,1.93,2.04,1.88,1.96
E1,29/02/2020,15:00,Sheffield Weds,Derby,1,3,A,0,3,A,D Whitestone,15,13,4,5,14,8,9,3,2,1,0,0,2.15,3.42,3.62,2.2,3.54,3.62,2.13,3.37,3.43,"[null,null,null,null,null,""2""]","[null,null,null,null,null,""1.8""]","[null,null,null,null,null,""2.08""]","[null,null,null,null,null,""1.82""]","[null,null,null,null,null,""2.08""]","[null,null,null,null,null,""1.87""]","[null,null,null,null,null,""2""]","[null,null,null,null,null,""1.8""]",-0.25,1.85,2.05,1.85,2.06,1.87,2.07,1.82,2.02,2.15,3.3,3.5,2.1,3.4,3.6,2.1,3.3,3.55,2.14,3.44,3.64,2.1,3.4,3.6,2.1,3.4,3.6,2.2,3.48,3.65,2.12,3.34,3.54,"[null,null,null,null,null,""2""]","[null,null,null,null,null,""1.8""]","[null,null,null,null,null,""2.1""]","[null,null,null,null,null,""1.81""]","[null,null,null,null,null,""2.16""]","[null,null,null,null,null,""1.82""]","[null,null,null,null,null,""2.08""]","[null,null,null,null,null,""1.74""]",-0.25,1.84,2.06,1.84,2.08,1.88,2.09,1.82,2.03
E1,08/03/2020,15:00,Derby,Blackburn,3,0,H,2,0,H,J Brooks,16,11,11,3,12,14,3,6,2,3,0,1,2.44,3.19,3.23,2.5,3.3,3.25,2.38,3.19,3.1,"[null,null,null,null,null,""2""]","[null,null,null,null,null,""1.8""]","[null,null,null,null,null,""2.1""]","[null,null,null,null,null,""1.81""]","[null,null,null,null,null,""2.11""]","[null,null,null,null,null,""1.83""]","[null,null,null,null,null,""2.03""]","[null,null,null,null,null,""1.78""]",-0.25,2.04,1.86,2.08,1.84,2.09,1.88,2.03,1.81,2.45,3.3,2.9,2.5,3.25,2.95,2.45,3.2,2.9,2.52,3.29,3,2.45,3.3,3,2.45,3.4,2.9,2.6,3.4,3.1,2.46,3.24,2.95,"[null,null,null,null,null,""2""]","[null,null,null,null,null,""1.8""]","[null,null,null,null,null,""2.04""]","[null,null,null,null,null,""1.86""]","[null,null,null,null,null,""2.1""]","[null,null,null,null,null,""1.89""]","[null,null,null,null,null,""1.99""]","[null,null,null,null,null,""1.81""]",-0.25,2.11,1.79,2.16,1.78,2.17,1.83,2.1,1.76
E1,20/06/2020,13:00,Millwall,Derby,2,3,A,1,1,D,S Martin,12,12,4,5,10,8,6,3,0,2,0,0,2.43,3.2,3.31,2.49,3.23,3.35,2.37,3.11,3.2,"[null,null,null,null,null,""2.37""]","[null,null,null,null,null,""1.57""]","[null,null,null,null,null,""2.38""]","[null,null,null,null,null,""1.65""]","[null,null,null,null,null,""2.45""]","[null,null,null,null,null,""1.65""]","[null,null,null,null,null,""2.35""]","[null,null,null,null,null,""1.59""]",-0.25,2.05,1.85,2.06,1.86,2.07,1.88,2.03,1.83,2.4,3.1,3.2,2.35,3.1,3.1,2.45,3.05,3.1,2.57,3.1,3.2,2.5,3.1,3.1,2.5,3.1,3.1,2.63,3.22,3.3,2.46,3.05,3.12,"[null,null,null,null,null,""2.3""]","[null,null,null,null,null,""1.61""]","[null,null,null,null,null,""2.42""]","[null,null,null,null,null,""1.63""]","[null,null,null,null,null,""2.43""]","[null,null,null,null,null,""1.67""]","[null,null,null,null,null,""2.35""]","[null,null,null,null,null,""1.59""]",-0.25,2.14,1.77,2.17,1.78,2.17,1.82,2.1,1.77
E1,27/06/2020,13:00,Derby,Reading,2,1,H,2,0,H,S Duncan,13,12,6,4,13,12,4,8,2,0,1,1,2.14,3.34,3.66,2.2,3.58,3.8,2.11,3.36,3.52,"[null,null,null,null,null,""2""]","[null,null,null,null,null,""1.8""]","[null,null,null,null,null,""2""]","[null,null,null,null,null,""1.87""]","[null,null,null,null,null,""2.04""]","[null,null,null,null,null,""1.89""]","[null,null,null,null,null,""1.97""]","[null,null,null,null,null,""1.84""]",-0.25,1.84,2.06,1.83,2.05,1.88,2.09,1.83,2.02,2.05,3.3,3.8,2.1,3.25,3.5,2,3.3,3.55,2.12,3.36,3.82,2.05,3.4,3.75,2.1,3.4,3.7,2.18,3.45,3.89,2.08,3.33,3.66,"[null,null,null,null,null,""2""]","[null,null,null,null,null,""1.8""]","[null,null,null,null,null,""2.04""]","[null,null,null,null,null,""1.85""]","[null,null,null,null,null,""2.04""]","[null,null,null,null,null,""1.92""]","[null,null,null,null,null,""1.98""]","[null,null,null,null,null,""1.83""]",-0.25,1.81,2.09,1.81,2.11,1.82,2.13,1.79,2.08
E1,01/07/2020,17:00,Preston,Derby,0,1,A,0,1,A,J Gillett,9,8,1,3,10,11,7,5,0,0,0,0,2.51,3.38,2.97,2.6,3.4,3.05,2.46,3.28,2.91,"[null,null,null,null,null,""2""]","[null,null,null,null,null,""1.8""]","[null,null,null,null,null,""2""]","[null,null,null,null,null,""1.86""]","[null,null,null,null,null,""2.11""]","[null,null,null,null,null,""1.87""]","[null,null,null,null,null,""2.01""]","[null,null,null,null,null,""1.81""]",0,1.8,2.1,1.79,2.11,1.84,2.14,1.79,2.08,2.55,3.3,2.8,2.35,3.3,2.9,2.5,3.25,2.8,2.52,3.41,2.93,2.5,3.3,2.88,2.55,3.3,2.88,2.65,3.41,2.99,2.51,3.3,2.83,"[null,null,null,null,null,""2.02""]","[null,null,null,null,null,""1.83""]","[null,null,null,null,null,""2.02""]","[null,null,null,null,null,""1.87""]","[null,null,null,null,null,""2.13""]","[null,null,null,null,null,""1.88""]","[null,null,null,null,null,""2.01""]","[null,null,null,null,null,""1.8""]",0,1.83,2.07,1.81,2.11,1.88,2.11,1.82,2.04
E1,04/07/2020,12:30,Derby,Nott'm Forest,1,1,D,0,1,A,D England,10,10,3,4,12,7,3,4,1,3,1,0,2.44,3.17,3.19,2.49,3.29,3.24,2.42,3.18,3.05,"[null,null,null,null,null,""2.1""]","[null,null,null,null,null,""1.72""]","[null,null,null,null,null,""2.21""]","[null,null,null,null,null,""1.7""]","[null,null,null,null,null,""2.23""]","[null,null,null,null,null,""1.78""]","[null,null,null,null,null,""2.14""]","[null,null,null,null,null,""1.71""]",-0.25,2.07,1.83,2.08,1.83,2.13,1.85,2.07,1.8,2.45,3.2,3,2.4,3.1,3,2.45,3.15,3,2.5,3.14,3.11,2.45,3.1,3,2.5,3.2,3,2.55,3.27,3.16,2.46,3.13,3.03,"[null,null,null,null,null,""2.1""]","[null,null,null,null,null,""1.72""]","[null,null,null,null,null,""2.22""]","[null,null,null,null,null,""1.7""]","[null,null,null,null,null,""2.24""]","[null,null,null,null,null,""1.75""]","[null,null,null,null,null,""2.16""]","[null,null,null,null,null,""1.69""]",-0.25,2.14,1.77,2.13,1.79,2.19,1.8,2.11,1.76
E1,08/07/2020,17:00,West Brom,Derby,2,0,H,1,0,H,J Simpson,18,4,7,0,11,14,8,0,0,4,0,1,1.78,3.89,4.55,1.82,4,4.75,1.76,3.78,4.48,"[null,null,null,null,null,""1.8""]","[null,null,null,null,null,""2""]","[null,null,null,null,null,""1.79""]","[null,null,null,null,null,""2.08""]","[null,null,null,null,null,""1.84""]","[null,null,null,null,null,""2.1""]","[null,null,null,null,null,""1.79""]","[null,null,null,null,null,""2.02""]",-0.75,2.03,1.87,1.99,1.88,2.06,1.91,1.99,1.86,1.65,4,5,1.7,3.9,4.4,1.7,3.8,4.7,1.74,3.89,4.77,1.67,3.9,4.8,1.7,4,4.75,1.79,4.1,5.12,1.7,3.9,4.74,"[null,null,null,null,null,""1.9""]","[null,null,null,null,null,""1.9""]","[null,null,null,null,null,""1.87""]","[null,null,null,null,null,""2.01""]","[null,null,null,null,null,""1.96""]","[null,null,null,null,null,""2.13""]","[null,null,null,null,null,""1.8""]","[null,null,null,null,null,""2.01""]",-0.75,1.96,1.94,1.97,1.93,1.99,1.98,1.93,1.93
E1,11/07/2020,12:30,Derby,Brentford,1,3,A,1,1,D,T Robinson,9,17,3,6,9,9,6,3,0,1,0,0,4.27,3.77,1.85,4.5,3.8,1.9,4.22,3.64,1.83,"[null,null,null,null,null,""1.9""]","[null,null,null,null,null,""1.9""]","[null,null,null,null,null,""1.9""]","[null,null,null,null,null,""1.98""]","[null,null,null,null,null,""1.95""]","[null,null,null,null,null,""1.98""]","[null,null,null,null,null,""1.88""]","[null,null,null,null,null,""1.92""]",0.5,2.06,1.84,2.05,1.85,2.09,1.88,2.01,1.84,5,4,1.65,4.75,3.9,1.65,5.2,4,1.6,5.05,4.28,1.64,5.5,4,1.6,5.25,4.1,1.65,5.5,4.3,1.7,5.02,4.05,1.64,"[null,null,null,null,null,""1.8""]","[null,null,null,null,null,""2""]","[null,null,null,null,null,""1.79""]","[null,null,null,null,null,""2.1""]","[null,null,null,null,null,""1.9""]","[null,null,null,null,null,""2.1""]","[null,null,null,null,null,""1.8""]","[null,null,null,null,null,""2""]",0.75,2.1,1.8,2.08,1.82,2.14,1.9,2.04,1.82
E1,14/07/2020,19:45,Cardiff,Derby,2,1,H,1,1,D,D Bond,14,8,8,2,8,9,3,2,1,0,0,0,2.35,3.31,3.21,2.4,3.42,3.32,2.31,3.3,3.13,"[null,null,null,null,null,""2.1""]","[null,null,null,null,null,""1.72""]","[null,null,null,null,null,""2.07""]","[null,null,null,null,null,""1.81""]","[null,null,null,null,null,""2.15""]","[null,null,null,null,null,""1.84""]","[null,null,null,null,null,""2.05""]","[null,null,null,null,null,""1.77""]",-0.25,2.03,1.87,2.02,1.88,2.05,1.89,2,1.85,2.3,3.4,3.1,2.2,3.25,3.2,2.25,3.25,3.2,2.3,3.3,3.31,2.3,3.2,3.2,2.3,3.4,3.2,2.38,3.47,3.37,2.29,3.28,3.19,"[null,null,null,null,null,""2""]","[null,null,null,null,null,""1.8""]","[null,null,null,null,null,""2.09""]","[null,null,null,null,null,""1.79""]","[null,null,null,null,null,""2.24""]","[null,null,null,null,null,""1.82""]","[null,null,null,null,null,""2.06""]","[null,null,null,null,null,""1.76""]",-0.25,2,1.9,1.98,1.92,2.03,1.95,1.98,1.88
E1,19/07/2020,14:00,Derby,Leeds,1,3,A,0,0,D,O Langford,10,23,2,8,8,10,4,5,1,0,0,0,4.32,3.91,1.81,4.75,4,1.84,4.33,3.78,1.78,"[null,null,null,null,null,""1.8""]","[null,null,null,null,null,""2""]","[null,null,null,null,null,""1.88""]","[null,null,null,null,null,""1.98""]","[null,null,null,null,null,""1.9""]","[null,null,null,null,null,""2.09""]","[null,null,null,null,null,""1.83""]","[null,null,null,null,null,""1.97""]",0.75,1.85,2.05,1.83,2.05,1.9,2.08,1.83,2.03,2.87,3.4,2.4,2.7,3.3,2.5,2.8,3.25,2.4,2.91,3.53,2.42,2.75,3.5,2.45,2.75,3.4,2.45,3,3.66,2.59,2.82,3.41,2.43,"[null,null,null,null,null,""1.72""]","[null,null,null,null,null,""2.1""]","[null,null,null,null,null,""1.78""]","[null,null,null,null,null,""2.12""]","[null,null,null,null,null,""1.82""]","[null,null,null,null,null,""2.14""]","[null,null,null,null,null,""1.76""]","[null,null,null,null,null,""2.05""]",0.25,1.81,2.09,1.81,2.1,1.84,2.2,1.77,2.11
E1,22/07/2020,19:30,Birmingham,Derby,1,3,A,0,1,A,T Robinson,13,7,4,5,14,5,4,4,0,0,0,0,2.75,3.23,2.73,2.83,3.42,2.76,2.7,3.23,2.64,"[null,null,null,null,null,""1.9""]","[null,null,null,null,null,""1.95""]","[null,null,null,null,null,""1.91""]","[null,null,null,null,null,""1.95""]","[null,null,null,null,null,""1.98""]","[null,null,null,null,null,""2""]","[null,null,null,null,null,""1.88""]","[null,null,null,null,null,""1.91""]",0,1.97,1.93,1.95,1.93,2.01,1.96,1.94,1.9,2.2,3.5,3.2,2.25,3.3,3.1,2.2,3.3,3.2,2.2,3.57,3.29,2.2,3.4,3.2,2.2,3.5,3.3,2.29,3.57,3.4,2.2,3.44,3.22,"[null,null,null,null,null,""1.8""]","[null,null,null,null,null,""2""]","[null,null,null,null,null,""1.75""]","[null,null,null,null,null,""2.16""]","[null,null,null,null,null,""1.9""]","[null,null,null,null,null,""2.16""]","[null,null,null,null,null,""1.77""]","[null,null,null,null,null,""2.05""]",-0.25,1.91,1.99,1.92,1.99,1.95,2.03,1.9,1.96